firstname,lastname,totalprice,depositpaid,checkin,checkout,additionalneeds
Jolynn,MacIlwrick,4051,false,2025-07-28,2025-05-19,Dinner
Hugo,Huggon,595,true,2026-03-09,2025-04-07,Dinner
Yul,Sirr,1974,true,2026-01-30,2026-01-10,Extra Pillow
Ros,Mableson,2277,true,2025-09-18,2025-05-04,Extra Pillow
Hew,Madden,662,true,2025-05-19,2025-07-26,Dinner
Alane,Comettoi,2117,false,2025-09-10,2025-09-27,Dinner
Katinka,Palin,4847,false,2025-12-24,2026-03-07,Dinner
Rancell,Christol,3769,false,2026-01-16,2025-08-06,Extra Pillow
Jolene,O'Fairy,549,false,2026-02-08,2025-06-24,Breakfast
Kimball,Hebborne,2517,false,2025-08-11,2025-04-08,Extra Pillow
Lucho,Dorber,1219,false,2025-09-03,2025-11-29,Breakfast
Lucinda,Blakiston,1956,false,2025-09-27,2025-12-19,Extra Pillow
Gerald,Gimlet,1140,true,2025-07-03,2026-03-24,Breakfast
Cinda,MacCrachen,3161,false,2025-09-04,2025-11-28,Dinner
Avrit,Robathon,2760,true,2025-04-02,2025-05-18,Breakfast
Sunny,Shwalbe,2345,true,2025-07-16,2026-02-21,Extra Pillow
Dorthy,Shead,2121,false,2025-07-04,2025-08-11,Breakfast
Howey,Barrick,4447,false,2026-02-20,2025-05-24,Dinner
Dani,Chimienti,2699,true,2025-11-17,2025-12-10,Extra Pillow
Malcolm,Dominka,754,false,2025-12-15,2025-06-18,Dinner
Biddie,Egdal,2298,false,2025-04-13,2025-08-16,Breakfast
Bradney,Hazard,2253,false,2025-07-01,2025-05-15,Breakfast
Ernesta,Rysom,2389,false,2025-06-08,2026-02-04,Dinner
Emmanuel,Owlner,340,true,2025-11-20,2025-08-12,Extra Pillow
Ingaborg,Sainteau,2892,false,2025-04-04,2025-08-11,Dinner
Ludvig,Perrycost,1652,false,2025-12-27,2025-04-13,Dinner
Fields,Bamblett,1120,false,2025-08-10,2025-03-31,Extra Pillow
Burl,Devita,2997,true,2025-04-01,2025-12-31,Breakfast
Brendin,Swanson,4755,false,2025-12-13,2025-09-20,Breakfast
Brigit,Thomkins,4265,true,2026-02-11,2026-03-12,Extra Pillow
Dottie,Grim,4928,false,2025-04-03,2025-07-29,Breakfast
Bobine,Doohan,537,true,2025-10-14,2025-04-03,Dinner
Esme,Levesley,3013,true,2025-11-26,2025-05-08,Extra Pillow
Mehetabel,Knaggs,3642,true,2025-12-01,2025-05-13,Extra Pillow
Redd,Woodbridge,3124,true,2025-06-14,2025-10-02,Extra Pillow
Hewitt,Hounihan,1889,false,2025-06-11,2025-04-20,Breakfast
Davida,Hoys,2340,true,2025-10-24,2025-12-27,Breakfast
Sam,Millmore,4916,false,2025-05-08,2025-09-20,Dinner
Wendye,Kyte,2323,false,2025-12-09,2025-04-03,Breakfast
Marley,Gyorffy,1850,false,2026-01-19,2025-03-28,Dinner
Kilian,Grundey,3489,true,2025-06-23,2026-02-18,Dinner
Jean,Frany,586,false,2025-11-26,2025-04-09,Extra Pillow
Elmo,Benardeau,3395,true,2025-09-30,2025-12-25,Extra Pillow
Jocelyne,Wimes,3313,true,2025-11-07,2025-06-17,Dinner
Duffy,Joll,383,true,2025-11-09,2025-07-05,Extra Pillow
Aubine,Altimas,3996,true,2025-07-27,2025-06-12,Extra Pillow
Lindy,Girardez,3988,true,2025-07-18,2025-11-24,Dinner
Glynda,Hoppner,605,false,2025-08-22,2026-02-04,Dinner
Brittan,Derges,2397,false,2025-11-28,2025-04-16,Breakfast
Faun,Nerger,3964,false,2025-06-20,2025-04-02,Breakfast
Sibbie,Maeer,2720,true,2026-02-04,2026-03-12,Extra Pillow
Cchaddie,Muzzini,1862,false,2025-06-07,2025-03-30,Dinner
Cristie,Manuello,3455,false,2025-10-15,2025-05-09,Breakfast
Kary,Honack,4935,false,2025-05-28,2025-10-02,Extra Pillow
Kelcie,Ivan,3201,true,2025-11-06,2025-10-10,Breakfast
Perl,Readitt,2859,true,2025-04-04,2025-08-29,Breakfast
Lacey,Dyball,3519,false,2026-01-01,2025-10-05,Dinner
Dixie,Sibbald,963,false,2025-11-10,2025-04-10,Extra Pillow
Ezmeralda,Dumbreck,1941,false,2025-11-02,2025-05-16,Breakfast
Steffane,Claesens,4702,false,2025-05-06,2026-02-22,Dinner
Arlee,Goulbourne,3570,false,2025-12-07,2026-01-04,Dinner
Othilie,Hayward,2850,true,2025-05-27,2026-03-12,Breakfast
Reynolds,Kurdani,2864,true,2025-04-08,2026-02-20,Breakfast
Gertrud,Hulk,1162,false,2026-02-13,2025-05-19,Dinner
Delphine,Durnill,2716,false,2025-06-19,2025-07-04,Dinner
Clarissa,Squibb,2762,true,2025-09-11,2025-08-25,Extra Pillow
Dorri,Frowd,372,true,2026-02-09,2025-09-29,Breakfast
L;urette,Sebrens,3056,true,2026-03-10,2026-02-24,Extra Pillow
Donnell,Kinnen,2519,true,2026-03-10,2025-03-29,Breakfast
Sergeant,Muckloe,1941,true,2025-06-01,2026-01-09,Extra Pillow
Gustave,Busfield,1720,true,2025-06-05,2025-07-30,Extra Pillow
Alick,Sly,4669,false,2026-01-28,2025-03-26,Extra Pillow
Flo,Allsopp,3327,false,2025-12-12,2026-03-08,Dinner
Jenda,Morphet,4015,true,2026-01-19,2025-12-13,Dinner
Mace,Huntingdon,4980,false,2026-01-12,2025-06-11,Extra Pillow
Claudell,Sarfas,3814,false,2025-08-09,2025-10-21,Dinner
Auberta,Ferran,3959,true,2025-04-27,2025-06-11,Dinner
Norina,Basek,1099,true,2025-10-17,2025-04-28,Extra Pillow
Jyoti,Isson,3852,true,2025-11-05,2026-01-02,Extra Pillow
Robbie,Hinzer,403,false,2025-09-06,2025-09-30,Extra Pillow
Dotty,Felstead,4891,false,2025-09-07,2025-09-20,Dinner
Joyann,Stanton,4659,true,2025-10-23,2025-05-03,Dinner
Antonius,Fryett,4378,true,2025-03-30,2025-08-27,Breakfast
Rooney,Barrass,2932,false,2025-12-22,2025-11-14,Extra Pillow
Della,Biford,571,true,2025-10-03,2026-02-24,Dinner
Fraser,Marris,700,true,2025-10-14,2026-01-17,Extra Pillow
Thedrick,Bulfield,2573,false,2025-07-30,2026-02-09,Extra Pillow
Abie,Peegrem,2368,true,2025-08-27,2025-11-06,Dinner
Kalila,Immings,2306,false,2025-11-21,2026-01-25,Dinner
Lelah,Crossfield,1293,false,2025-12-18,2025-09-12,Extra Pillow
Francyne,Croisdall,1652,true,2025-09-13,2026-03-25,Breakfast
Gustaf,Aymes,3377,false,2026-01-17,2025-10-07,Breakfast
Truman,Hacquoil,4130,true,2025-05-24,2026-02-18,Extra Pillow
Erny,Huriche,3139,false,2025-05-28,2025-06-01,Breakfast
Kele,Keling,1469,true,2026-02-05,2025-11-14,Breakfast
Buiron,Ritch,4022,false,2025-11-02,2025-05-09,Breakfast
Noellyn,Bodley,236,true,2026-01-08,2025-04-08,Dinner
Sabina,Renak,2405,true,2025-06-25,2025-05-21,Dinner
Uriah,Linton,3909,true,2025-11-27,2025-08-18,Breakfast
Quill,Crauford,3798,false,2025-11-07,2026-02-03,Dinner
Adolphe,Castelluzzi,2593,true,2025-05-18,2025-06-07,Breakfast
Karlis,Stockhill,2428,false,2025-05-17,2025-05-29,Extra Pillow
Marianne,Darthe,2644,true,2025-11-03,2025-10-14,Extra Pillow
Cynthea,Stibbs,3847,false,2025-06-22,2025-08-17,Dinner
Alysia,Reames,2640,false,2025-11-08,2025-04-24,Extra Pillow
Nara,Bettaney,2525,true,2026-02-14,2025-06-01,Breakfast
Micheline,Shaxby,4725,true,2025-09-18,2025-12-17,Extra Pillow
Florry,Freathy,827,true,2025-07-22,2025-11-02,Dinner
Caye,Mattersey,2083,true,2026-03-11,2025-09-10,Extra Pillow
Chan,Balfe,4761,false,2025-11-12,2025-12-21,Extra Pillow
Gare,Fratson,3622,false,2025-03-31,2025-09-29,Dinner
Ian,Rapson,4852,true,2025-09-12,2025-08-29,Dinner
Archibaldo,Cargenven,3750,true,2026-03-21,2025-11-12,Breakfast
Ellis,Merritt,4614,false,2025-04-26,2025-08-24,Dinner
Doe,Drewson,1218,false,2026-02-16,2025-06-07,Extra Pillow
Rachele,Mainwaring,2131,true,2025-10-12,2025-08-31,Dinner
Elle,Akers,311,false,2025-08-01,2026-01-29,Dinner
Branden,Fasler,4383,false,2025-09-15,2026-02-19,Extra Pillow
Montague,Smiley,957,false,2026-02-06,2025-08-12,Dinner
Andria,Carnduff,3850,true,2026-03-17,2025-05-26,Extra Pillow
Angy,Skypp,3219,true,2025-12-30,2025-10-17,Dinner
Dulci,Balcock,2743,true,2026-03-25,2025-10-01,Breakfast
Isa,Britney,140,false,2025-04-04,2025-05-27,Breakfast
Marietta,Storkes,3349,false,2025-04-12,2025-10-23,Extra Pillow
Rutter,Roan,2855,true,2025-11-10,2026-01-14,Extra Pillow
Justine,Wardlow,1653,true,2025-08-06,2025-09-28,Dinner
Christiana,Skeen,491,false,2025-04-04,2025-10-11,Dinner
Melvyn,Whitlam,3407,true,2025-07-14,2025-12-31,Extra Pillow
Curry,McClements,4548,true,2025-05-18,2025-07-15,Dinner
Morey,Garfit,4563,false,2026-01-26,2025-08-09,Extra Pillow
Madlen,Scawton,3260,true,2026-02-05,2025-10-09,Dinner
Cyril,de Clerk,3866,true,2025-03-30,2025-08-23,Extra Pillow
Silvano,Heape,1943,false,2025-11-20,2025-07-24,Extra Pillow
Regina,Collumbell,4414,true,2026-02-24,2025-12-13,Dinner
Devin,Brackstone,779,true,2025-05-17,2025-09-11,Dinner
Boris,Hackworthy,833,false,2026-03-05,2026-03-15,Dinner
Alden,Lippatt,3611,false,2026-01-05,2025-05-23,Breakfast
Sullivan,Ninotti,3448,false,2026-02-07,2026-01-25,Dinner
Dorette,Watson-Brown,3233,false,2025-03-30,2025-09-10,Breakfast
Garrek,Van der Spohr,1268,false,2025-06-20,2025-12-13,Dinner
Curr,Wainer,857,false,2025-04-28,2025-11-17,Extra Pillow
Kristine,Apfler,1902,true,2026-03-03,2025-05-20,Extra Pillow
Federico,Yoxen,3209,true,2026-03-24,2025-05-18,Dinner
Aymer,Purches,989,false,2026-03-19,2025-09-29,Breakfast
Marion,McGloin,1680,false,2026-03-13,2025-04-04,Breakfast
Marleen,Elgie,398,true,2025-12-18,2025-08-13,Extra Pillow
Erasmus,Gingle,107,true,2025-10-04,2025-04-26,Extra Pillow
Laughton,Salvage,3245,true,2025-05-17,2025-09-11,Dinner
Aristotle,Chesworth,1967,false,2025-09-28,2025-12-07,Dinner
Weidar,Zucker,4900,false,2025-12-09,2025-11-04,Dinner
Corney,Dunnaway,3292,true,2025-03-29,2025-04-02,Dinner
Gigi,Alven,2376,false,2025-09-03,2025-12-05,Breakfast
Harold,McKeowon,2153,true,2026-02-04,2025-08-17,Breakfast
Moss,Cockshot,2940,false,2025-10-13,2025-08-10,Extra Pillow
Efren,Playfoot,4452,false,2026-01-03,2025-08-26,Extra Pillow
Devin,Sherrum,431,false,2025-08-24,2025-12-24,Dinner
Tyson,Smiz,2163,false,2025-12-05,2025-12-18,Dinner
Redd,Bauduccio,688,false,2025-04-16,2026-01-12,Extra Pillow
Vale,Gaze,4502,true,2025-12-03,2025-04-09,Extra Pillow
Kristien,Frain,1313,false,2025-09-26,2026-03-01,Extra Pillow
Nikki,Bertelet,3466,true,2025-07-24,2025-11-03,Dinner
Lesley,Cartmael,3060,true,2025-12-28,2026-02-12,Extra Pillow
Jarvis,Ferneyhough,4340,true,2026-02-25,2025-07-14,Dinner
Bibby,Bamlett,786,true,2025-04-19,2026-01-26,Breakfast
Bobbee,Beeton,4381,false,2026-02-12,2025-12-03,Extra Pillow
Alfonso,Speare,4842,true,2025-04-03,2025-08-06,Dinner
Christian,Nazer,2145,true,2025-12-24,2025-11-28,Extra Pillow
Chariot,Jarmaine,641,true,2025-04-29,2026-03-23,Extra Pillow
Sheridan,Tatlow,427,false,2025-11-13,2025-05-16,Dinner
Berkeley,Siuda,2238,true,2025-08-23,2025-10-15,Breakfast
Marcel,Le Gassick,2010,false,2025-08-13,2025-08-10,Extra Pillow
Devlen,Broadberry,4697,true,2025-03-30,2025-09-25,Breakfast
Selby,O'Harney,435,false,2025-04-29,2025-06-23,Dinner
Kasper,Baake,714,false,2025-09-16,2025-05-07,Dinner
Anissa,Langran,2993,true,2025-10-30,2025-03-31,Dinner
Orelee,Konmann,785,false,2025-11-26,2025-11-09,Extra Pillow
Maurits,Nind,4007,false,2025-12-27,2025-10-02,Extra Pillow
Orville,Goldfinch,961,true,2026-02-12,2025-08-10,Dinner
Mella,Simione,123,false,2025-06-06,2025-05-03,Extra Pillow
Elwyn,Stonhard,3948,true,2025-10-04,2025-09-25,Dinner
Julietta,Tremain,3362,true,2025-06-15,2025-11-23,Extra Pillow
Myrilla,Gook,3237,true,2026-02-03,2026-02-09,Extra Pillow
Liza,Cockett,2183,true,2025-09-17,2025-11-07,Breakfast
Clarette,Broyd,1088,true,2025-04-01,2025-05-24,Extra Pillow
Marlin,Probart,566,true,2025-04-19,2025-09-12,Breakfast
Moina,O'Henehan,2140,true,2026-02-07,2025-10-27,Extra Pillow
Ame,Darnell,4453,false,2025-05-15,2026-02-13,Breakfast
Talbot,Sharratt,1288,true,2025-10-24,2025-11-21,Extra Pillow
Nollie,Olechnowicz,2923,false,2025-12-11,2025-04-02,Breakfast
Kain,Andrysek,3766,false,2025-12-27,2026-02-23,Dinner
Jenni,Pandey,2531,true,2026-01-19,2025-06-28,Extra Pillow
Meris,Reschke,3914,true,2025-03-31,2025-07-08,Dinner
Flint,Van den Velden,270,true,2026-03-09,2025-06-26,Dinner
Loren,Dumper,3462,false,2025-09-12,2025-12-22,Breakfast
Tucker,Peter,2416,true,2026-03-10,2025-05-29,Dinner
Mariele,Prestidge,2050,true,2026-03-02,2025-07-21,Breakfast
Dean,Critchlow,2346,true,2026-03-08,2025-11-06,Dinner
Lauri,Custed,3124,false,2025-12-21,2025-11-02,Breakfast
Robb,Gheerhaert,768,false,2025-05-30,2025-09-19,Dinner
Jeralee,Hoff,2491,true,2025-08-31,2025-10-13,Breakfast
Daphna,Heams,1150,false,2025-05-06,2025-10-26,Dinner
Carola,Hackly,2874,false,2025-10-09,2025-05-10,Breakfast
Madella,Wurst,3730,false,2025-06-03,2025-06-12,Extra Pillow
Clary,Hann,725,false,2025-05-20,2026-01-05,Extra Pillow
Fabien,Adriano,1515,true,2025-03-26,2025-05-07,Dinner
Saxe,Gregorowicz,4773,true,2026-01-16,2025-08-27,Dinner
Sydney,Dunridge,3204,false,2025-08-05,2025-05-12,Extra Pillow
Ches,Oylett,3233,true,2026-02-12,2025-10-17,Extra Pillow
Danielle,Bottelstone,639,false,2025-08-29,2025-07-10,Dinner
Corey,Moralee,933,true,2026-01-15,2025-12-20,Dinner
Celestine,Dudley,1212,false,2026-02-25,2025-12-09,Dinner
Vernon,Blackborough,2792,true,2025-06-23,2025-06-09,Breakfast
Allistir,Strafen,2944,true,2026-02-12,2025-12-15,Breakfast
Eula,Vail,4173,false,2025-09-30,2025-08-31,Breakfast
Else,Lotherington,733,true,2025-08-17,2025-08-07,Breakfast
Lotty,Chalke,2183,false,2026-03-25,2025-03-29,Extra Pillow
Edouard,Crichley,1619,true,2025-11-06,2025-10-04,Dinner
Cass,Emptage,1756,true,2025-07-14,2025-05-25,Extra Pillow
Rorke,Rawlence,3113,false,2025-07-05,2025-06-30,Breakfast
Briant,Latimer,2198,true,2025-12-07,2026-02-21,Breakfast
Beckie,McKiernan,1751,false,2026-03-16,2025-05-21,Breakfast
Chico,De'Ath,2112,true,2025-06-11,2026-02-08,Breakfast
Randene,Yegorshin,3014,true,2025-11-30,2025-10-24,Dinner
Marci,Juliff,1094,false,2025-04-22,2025-10-26,Dinner
Rafaela,Heaphy,2250,false,2026-03-07,2025-10-21,Dinner
Myrtie,McGlynn,535,false,2025-11-12,2025-10-04,Dinner
Kris,Fullerlove,2266,false,2025-06-08,2026-02-06,Extra Pillow
Bryn,Pieterick,895,true,2025-10-29,2025-08-28,Dinner
Tildi,Stirling,175,false,2025-11-14,2025-05-23,Dinner
Philbert,Short,1935,false,2025-03-28,2025-12-14,Dinner
Mirabel,Berdale,3040,false,2025-08-30,2025-12-14,Extra Pillow
Shelby,Luxton,2605,true,2025-11-15,2026-03-10,Breakfast
Arne,Diggell,4881,false,2025-08-10,2025-05-16,Extra Pillow
Mort,MacElane,3312,false,2026-03-06,2025-10-12,Breakfast
L;urette,Barringer,1065,false,2025-04-12,2025-09-03,Dinner
Emilio,Chomicz,2252,false,2025-10-25,2026-02-02,Extra Pillow
Donella,Schiersch,1684,true,2026-01-07,2025-04-04,Extra Pillow
Rafferty,Marval,1904,false,2025-07-07,2025-12-04,Extra Pillow
Nell,Wyard,529,true,2026-01-14,2025-09-20,Breakfast
Sanson,Warcup,2247,false,2026-03-06,2026-03-04,Dinner
Lian,Ganiford,3190,true,2025-06-02,2025-07-24,Dinner
Rona,Bucktharp,786,false,2025-05-03,2025-10-02,Breakfast
Kristal,Vogl,4853,true,2025-10-08,2026-02-13,Dinner
Derry,Dollard,3145,false,2025-11-07,2025-10-29,Breakfast
Khalil,Mulkerrins,3529,false,2025-12-03,2026-03-24,Breakfast
Jarrett,Coggeshall,3371,true,2026-02-03,2026-03-17,Dinner
Shelby,Hachard,2022,true,2025-08-12,2025-07-31,Dinner
Loleta,Doble,4534,false,2025-12-08,2025-05-29,Dinner
Llewellyn,Rosoman,1264,false,2025-07-09,2025-09-12,Extra Pillow
Wilburt,Reynoollds,2879,true,2026-03-12,2025-04-02,Extra Pillow
Fulton,Shurmore,1953,false,2026-02-24,2025-10-15,Extra Pillow
Marianna,Shilburne,2871,true,2025-06-04,2025-12-19,Dinner
Zachariah,Rogger,1733,false,2025-10-24,2025-09-20,Dinner
Carol-jean,MacFarlane,1777,false,2026-03-15,2025-06-03,Extra Pillow
Nichole,Proswell,4095,true,2025-11-06,2026-02-07,Dinner
Cybill,Scutchings,2748,true,2025-12-31,2026-03-05,Dinner
Isidoro,Abramovic,2029,false,2025-07-21,2025-05-19,Breakfast
Mady,Silverman,1190,true,2025-12-16,2025-07-16,Extra Pillow
Constantine,Upwood,224,false,2026-01-25,2025-08-07,Breakfast
Killie,Jossum,1665,true,2025-06-11,2025-04-19,Extra Pillow
Legra,Sopp,3463,true,2026-01-22,2025-09-28,Dinner
Shirl,Saiz,4549,true,2026-02-14,2026-02-01,Dinner
Ignaz,Gerbi,1772,true,2025-06-01,2025-06-29,Breakfast
Tori,Elkin,4151,true,2025-05-13,2026-01-28,Dinner
Rhea,Brymham,3523,true,2025-10-05,2025-04-08,Dinner
Berna,Martinson,2278,true,2026-02-14,2025-08-11,Breakfast
Bevan,Lille,4771,true,2025-06-05,2026-03-12,Dinner
Emelita,Yackiminie,988,true,2025-07-24,2025-07-01,Extra Pillow
Josephine,Roebottom,3612,false,2026-01-02,2025-09-21,Extra Pillow
Ashely,Cruess,1026,true,2025-04-26,2025-05-31,Breakfast
Gayle,Lapre,2816,true,2026-03-16,2026-02-02,Breakfast
Noellyn,Mothersdale,2189,true,2025-05-25,2026-01-02,Dinner
Frederigo,Rizzotto,3722,false,2025-12-31,2025-08-24,Extra Pillow
Kareem,Pecht,1047,false,2025-05-28,2025-12-20,Breakfast
Elianora,Elfleet,3029,true,2025-08-13,2025-09-03,Dinner
Nelson,Stebbings,636,false,2025-07-24,2025-11-22,Extra Pillow
Wendye,Jobson,4819,false,2025-12-18,2026-01-03,Extra Pillow
Katherine,Skeermer,3548,false,2025-04-14,2026-02-11,Breakfast
Jacintha,Hairon,1429,true,2025-12-20,2026-02-08,Breakfast
Kyrstin,Ludwell,1201,false,2025-12-02,2025-08-29,Dinner
Evangelina,Poe,3195,false,2026-01-13,2025-12-15,Dinner
Carlyn,Scampion,264,false,2025-11-17,2025-07-05,Extra Pillow
Nerita,Bernadzki,3774,true,2025-07-30,2025-12-04,Breakfast
Corina,Saxelby,4792,true,2025-05-30,2025-07-05,Dinner
Jennifer,Sonschein,4883,false,2025-04-22,2025-06-21,Breakfast
Jon,Ramard,761,false,2025-05-06,2025-08-01,Extra Pillow
Freeland,McCawley,1074,false,2025-05-04,2026-01-26,Dinner
Norma,Wallach,1526,true,2025-12-14,2025-04-17,Dinner
Granville,Boughey,4047,false,2025-06-18,2026-02-01,Extra Pillow
Ferris,Spanton,3869,false,2025-04-12,2025-05-02,Dinner
Cooper,Thorowgood,383,true,2025-12-05,2026-02-20,Dinner
Elnore,Robertacci,4682,false,2025-06-26,2026-02-27,Breakfast
Emmanuel,Ledingham,1212,false,2025-09-19,2025-08-08,Dinner
Moyra,Cullagh,4665,true,2026-03-02,2025-09-08,Breakfast
Sheffield,Hallowes,3100,true,2025-07-25,2025-06-12,Breakfast
Shellysheldon,Reddington,1383,false,2025-10-29,2025-06-03,Extra Pillow
Consuela,Lamberto,3017,false,2025-05-06,2025-12-21,Breakfast
Palm,Brett,4664,true,2025-04-07,2025-09-06,Extra Pillow
Clarinda,Farryn,3499,true,2025-12-29,2025-03-26,Extra Pillow
Peyter,Enderson,3896,false,2025-04-08,2025-08-22,Dinner
Lissie,Grumell,249,true,2025-08-25,2026-02-12,Extra Pillow
Whitney,Wharlton,4996,false,2026-02-14,2026-01-26,Dinner
Gregory,Galbreath,2836,false,2025-11-21,2025-07-26,Dinner
Byran,Zanetello,3055,true,2025-06-21,2026-02-27,Dinner
Windham,Cargon,3029,false,2025-10-16,2025-06-07,Breakfast
Dorian,MacTurlough,2723,false,2025-06-02,2025-04-02,Dinner
Elston,Martusewicz,2371,true,2026-02-18,2025-05-23,Extra Pillow
Tito,Pavel,2234,false,2026-02-23,2025-05-23,Extra Pillow
Gabby,Cornuau,3198,false,2026-02-21,2025-04-14,Dinner
Chrisy,Coverly,904,false,2026-03-19,2026-02-11,Extra Pillow
Karita,Hopkins,3759,true,2026-03-15,2025-05-07,Extra Pillow
Meggy,Chestney,3473,true,2025-05-05,2025-05-23,Dinner
Rustin,Zukerman,2920,false,2025-05-01,2025-08-16,Breakfast
Martelle,Tidbold,1932,true,2025-05-15,2025-07-11,Dinner
Kippie,Malham,4747,true,2025-11-02,2025-03-27,Extra Pillow
Rhona,Clementucci,4227,false,2025-11-27,2026-02-28,Breakfast
Diandra,Grichukhanov,4601,true,2025-07-04,2025-06-10,Extra Pillow
Rosana,Stille,4358,true,2025-08-23,2025-06-01,Extra Pillow
Dion,Kyllford,668,false,2025-09-22,2025-11-23,Extra Pillow
Walt,Jiru,2641,true,2025-04-29,2025-10-28,Breakfast
Ysabel,Sanzio,929,false,2025-12-05,2025-04-18,Extra Pillow
Benedick,Parlour,3534,false,2026-01-01,2026-03-07,Dinner
Idaline,Giraudou,4619,true,2026-01-11,2025-11-14,Breakfast
Bess,McConnal,1115,false,2026-01-25,2026-03-10,Dinner
Travers,Donaway,2458,false,2025-09-12,2025-06-24,Breakfast
Nicole,Beig,3103,true,2025-12-04,2026-01-16,Extra Pillow
Opaline,Ferreo,1388,false,2026-01-30,2025-08-18,Dinner
Natassia,Heath,4030,true,2025-04-18,2025-06-03,Extra Pillow
Tamiko,Petrolli,2130,false,2025-12-04,2025-08-16,Breakfast
Abbe,Jachtym,1017,true,2025-11-09,2025-05-03,Breakfast
Marcella,Fendley,2752,true,2025-05-02,2025-10-04,Extra Pillow
Avril,Garmon,4252,false,2025-11-24,2025-05-04,Extra Pillow
Rosette,Grammer,3634,true,2025-05-07,2025-07-24,Dinner
Chick,Angove,2161,true,2026-02-18,2026-03-04,Extra Pillow
Alie,Mellody,1675,false,2025-04-27,2025-10-29,Breakfast
Robin,de Clercq,3588,true,2025-07-27,2025-07-26,Dinner
Mary,Cahalan,3860,true,2025-04-19,2025-04-18,Dinner
Malinda,Rumens,809,true,2025-12-04,2026-01-30,Breakfast
Kim,Jedrzejewski,3950,false,2025-12-23,2025-04-05,Extra Pillow
Web,Whittlesea,3280,true,2025-06-17,2026-02-05,Breakfast
Ari,Jull,3890,false,2025-12-09,2026-01-30,Extra Pillow
Lexy,Wallman,4446,false,2026-03-02,2025-09-18,Extra Pillow
Romonda,Terren,2581,true,2025-07-14,2026-03-01,Extra Pillow
Early,Janning,4010,false,2026-03-12,2025-12-03,Dinner
Giovanni,Meiner,2661,false,2026-01-11,2025-11-06,Extra Pillow
Susann,Bellfield,1021,false,2025-11-27,2025-07-27,Extra Pillow
Errick,McQuillan,2898,true,2025-05-14,2025-05-25,Breakfast
Gordon,Chawkley,1151,true,2025-04-01,2025-04-02,Dinner
Deedee,Niessen,786,false,2025-11-15,2026-02-01,Dinner
Blaire,Torrie,624,true,2026-03-12,2025-09-27,Dinner
Trix,Milnes,866,false,2025-04-22,2026-03-11,Extra Pillow
Vivien,Meritt,2372,false,2026-02-26,2025-08-18,Extra Pillow
Even,Baughn,4023,true,2026-03-15,2025-12-21,Breakfast
Christiano,Dilrew,3156,true,2025-12-18,2025-05-09,Dinner
Leslie,Corrie,3088,false,2025-05-06,2025-05-10,Dinner
Berkie,Nicholas,4213,true,2025-07-21,2025-05-30,Dinner
Gwenora,Greiser,4030,false,2026-01-01,2025-07-20,Dinner
Traci,Riddiford,4366,true,2025-12-08,2025-11-07,Breakfast
Datha,Thumann,1097,false,2025-04-07,2025-11-26,Breakfast
Iago,Thunnercliff,2403,true,2025-07-28,2026-01-23,Dinner
Jolynn,Hain,4636,true,2025-11-12,2025-08-28,Breakfast
Amalia,Gillfillan,449,true,2026-01-15,2026-01-29,Dinner
Mahala,Garrals,3647,false,2025-04-11,2025-07-06,Breakfast
Doretta,Fieller,4271,true,2026-02-08,2025-12-13,Dinner
Marilyn,Folbige,3422,false,2025-07-25,2025-09-10,Extra Pillow
Amelia,Zeplin,3618,false,2025-08-12,2025-08-06,Breakfast
Burlie,Faragher,605,true,2025-11-02,2025-08-18,Dinner
Calla,Van De Cappelle,3015,true,2025-06-30,2026-02-03,Extra Pillow
Jacinda,McQuarter,3282,false,2025-04-07,2025-09-10,Extra Pillow
Filide,Taplin,1061,false,2025-06-18,2025-10-29,Breakfast
Ninnetta,Reagan,3867,true,2025-05-17,2025-07-29,Breakfast
Zenia,Bootyman,2205,false,2025-11-20,2025-12-13,Breakfast
Janella,O'Carmody,1427,false,2026-01-10,2025-06-04,Extra Pillow
Griffie,Fernando,4312,true,2025-03-29,2025-07-26,Breakfast
Omar,Boik,4038,true,2025-07-18,2025-05-02,Dinner
Dareen,Teague,271,false,2026-03-03,2025-07-31,Extra Pillow
Taryn,Padgham,153,false,2026-01-01,2025-05-30,Breakfast
Wells,Burder,1394,true,2025-08-04,2025-12-11,Extra Pillow
Barnabas,Hryniewicz,2654,false,2025-12-30,2026-02-22,Breakfast
Enos,Jennemann,1002,false,2025-11-25,2025-04-07,Extra Pillow
Shurlocke,Careswell,2936,false,2025-11-11,2025-12-03,Extra Pillow
Sully,Belk,2080,true,2025-12-09,2026-03-09,Extra Pillow
Oralie,Begent,2895,true,2026-02-08,2025-06-18,Breakfast
Karel,Picheford,4360,false,2025-07-12,2025-12-19,Extra Pillow
Paulo,Stodart,1938,true,2025-08-06,2026-01-19,Dinner
Palm,Yarranton,1363,false,2025-10-06,2025-12-17,Breakfast
Arabelle,Heintze,3883,true,2025-05-17,2025-09-16,Dinner
Hollyanne,Tunaclift,422,false,2025-04-30,2025-08-03,Breakfast
Lilli,LAbbet,541,true,2025-12-10,2026-01-19,Dinner
Vassili,McDool,4313,true,2025-12-09,2025-11-29,Dinner
Juan,Scotchmoor,3611,false,2025-08-03,2026-02-06,Breakfast
Hubey,Fogg,562,false,2025-08-26,2025-11-17,Dinner
Yevette,Tesauro,4193,false,2025-10-07,2025-10-20,Extra Pillow
Barbette,Sanders,4445,true,2025-12-14,2026-01-08,Dinner
Kylynn,Matteoni,754,true,2025-05-19,2025-06-25,Breakfast
Kalil,Cock,3579,false,2025-09-14,2026-02-28,Dinner
Ossie,Shefton,3465,true,2026-03-21,2025-09-08,Extra Pillow
Kim,Goning,3258,true,2025-09-23,2025-05-01,Breakfast
Micki,Guido,1100,true,2025-09-22,2026-02-06,Extra Pillow
Chris,Malshinger,103,true,2025-11-19,2026-03-12,Breakfast
Sherlocke,Illwell,4365,true,2026-03-01,2026-03-13,Breakfast
Gunar,Palffrey,4046,false,2026-01-08,2026-01-07,Extra Pillow
Laetitia,Bransby,4976,false,2025-03-26,2025-05-27,Breakfast
Briana,Provis,454,true,2025-04-01,2026-01-06,Breakfast
Arne,Micka,697,false,2025-08-15,2026-02-26,Dinner
Ardelis,Hanssmann,2692,true,2025-04-30,2026-02-10,Extra Pillow
Belicia,Durden,4654,true,2026-01-03,2026-03-06,Extra Pillow
Leland,Ajam,2881,false,2025-03-29,2025-09-08,Extra Pillow
Curtis,Forman,1645,false,2025-11-03,2025-07-14,Breakfast
Grier,MacIlurick,4866,false,2025-07-14,2026-01-10,Extra Pillow
Kelly,Swalowe,2676,false,2025-10-14,2025-10-04,Breakfast
Lucky,Rainger,2688,false,2026-01-06,2026-01-14,Dinner
Marissa,Trusty,1308,true,2025-06-06,2025-12-14,Extra Pillow
Nico,Brands,624,true,2025-11-02,2026-03-24,Breakfast
Ainsley,Caville,3194,true,2026-01-24,2025-08-12,Dinner
Lark,Coleridge,2581,true,2025-12-16,2025-10-02,Breakfast
Renard,Fattori,2152,true,2025-05-28,2025-11-27,Breakfast
Mina,Crackett,4454,true,2025-04-23,2025-08-14,Extra Pillow
Marysa,Iannelli,1600,true,2026-03-06,2026-03-13,Extra Pillow
Karita,Abbet,2464,true,2026-01-30,2025-09-21,Extra Pillow
Walliw,D'Ambrosi,976,false,2025-08-02,2026-02-09,Extra Pillow
Ferdie,Rosencwaig,3643,true,2025-07-05,2025-11-22,Extra Pillow
Tera,Pagnin,3399,false,2025-06-24,2025-12-23,Breakfast
Reeba,Parren,1170,true,2025-05-27,2025-11-12,Extra Pillow
Genny,Meran,621,true,2025-11-08,2025-12-26,Extra Pillow
Tyler,Barlee,4055,true,2025-05-23,2025-06-13,Breakfast
Ceil,Tylor,2769,false,2025-11-19,2025-10-12,Dinner
Robinette,Ferrai,3839,true,2025-07-12,2025-07-07,Breakfast
Emmalynne,Gear,3628,true,2025-07-11,2025-05-21,Breakfast
Ingaborg,Korlat,1165,false,2025-08-24,2025-06-02,Breakfast
Frans,Swinerd,1479,true,2026-03-06,2025-06-03,Dinner
Garrard,Nelmes,3647,false,2025-04-26,2025-06-19,Extra Pillow
Hildegarde,Mackneis,416,true,2025-10-26,2025-05-30,Breakfast
Deni,Oseman,1876,false,2025-06-18,2025-06-14,Extra Pillow
Goddard,Hanstock,2619,false,2025-08-26,2026-02-24,Dinner
Isaac,Collinette,4238,true,2025-04-13,2025-06-30,Dinner
Ilyse,Harral,4645,false,2025-04-29,2025-04-11,Extra Pillow
Donia,Myrkus,679,false,2025-06-27,2025-08-21,Extra Pillow
Melisse,Brightling,2875,false,2026-03-08,2025-09-02,Extra Pillow
Lemar,Wheal,3312,true,2025-06-10,2025-10-03,Dinner
Emalee,Ickovits,3378,true,2025-05-10,2025-11-17,Extra Pillow
Ranique,O'Neil,4678,true,2026-02-01,2026-01-21,Extra Pillow
Madalena,Thomasson,4284,false,2025-03-26,2025-09-11,Dinner
Amalee,Rowlinson,4651,false,2025-07-06,2025-12-02,Extra Pillow
Arlana,Bargh,1963,false,2025-08-23,2025-10-07,Extra Pillow
Ritchie,Foxon,3627,false,2025-06-03,2025-09-13,Breakfast
Elane,Kreber,1559,true,2025-12-01,2026-01-18,Extra Pillow
Silvia,Mont,4460,true,2025-10-14,2025-04-05,Dinner
Piper,Stopher,3786,true,2025-04-27,2026-02-20,Dinner
Hasty,Scudamore,4047,false,2025-12-23,2025-11-08,Extra Pillow
Alvie,Gwioneth,3359,false,2025-05-31,2026-01-23,Extra Pillow
Andriette,Brightwell,4275,false,2025-09-22,2025-11-23,Extra Pillow
Odo,Chant,3693,true,2025-08-29,2025-04-10,Extra Pillow
Renaud,Blazy,4818,true,2025-11-19,2025-10-05,Dinner
Kessiah,Castle,3766,true,2025-08-31,2025-06-08,Breakfast
Nell,Pettyfar,1098,false,2026-01-12,2026-02-08,Breakfast
Lesya,Druce,1012,true,2025-09-17,2025-10-01,Extra Pillow
Loretta,Linzee,2703,false,2026-03-14,2025-05-21,Breakfast
Lindy,Casina,2142,false,2025-11-28,2025-10-08,Extra Pillow
Lorin,Laming,1357,false,2025-09-23,2026-01-01,Dinner
Karolina,Rieme,941,false,2025-05-17,2025-04-09,Breakfast
Vinson,Harriagn,961,false,2025-10-05,2025-08-25,Breakfast
Cassy,Fishburn,3239,false,2025-09-19,2025-05-16,Extra Pillow
Lindsy,Fagge,1428,false,2025-08-12,2026-02-19,Dinner
Sharyl,Coult,1276,true,2025-07-26,2025-09-13,Extra Pillow
Delphine,Stearns,1187,true,2025-12-09,2025-06-21,Breakfast
Sherlocke,Munehay,476,false,2025-12-27,2025-12-24,Extra Pillow
Jaimie,Kyllford,3892,false,2025-03-28,2025-07-21,Dinner
Giusto,Alekseicik,4038,true,2025-04-01,2025-06-17,Extra Pillow
Josey,Duchan,2781,false,2025-06-12,2025-09-23,Extra Pillow
Johnnie,Roycroft,3906,true,2025-08-31,2025-04-30,Dinner
Kerstin,Capron,3172,true,2025-08-29,2025-07-08,Extra Pillow
Alan,O' Loughran,4085,true,2025-07-07,2025-08-26,Breakfast
Morie,Mailes,1494,true,2025-03-26,2025-05-28,Dinner
Jaye,Perigeaux,3863,false,2025-07-05,2025-05-22,Extra Pillow
Mordy,Treffry,1993,false,2026-01-03,2026-03-09,Breakfast
Donal,McBryde,4383,true,2025-06-15,2026-01-16,Dinner
Shannon,Warrender,4806,true,2025-08-08,2025-08-03,Breakfast
Merl,Kenshole,2887,true,2025-04-11,2026-02-24,Breakfast
Sherline,Judge,486,false,2025-12-21,2025-04-08,Dinner
Gerhardine,Delue,3710,false,2026-03-02,2025-07-15,Dinner
Zackariah,Weatherhill,4993,false,2026-01-12,2025-06-09,Breakfast
Adaline,Eborn,3015,true,2025-11-26,2025-10-22,Dinner
Afton,Langthorne,3811,true,2026-01-02,2025-06-25,Extra Pillow
Lona,Mouat,4112,true,2025-04-29,2025-11-17,Breakfast
Madeline,Greenshiels,2774,true,2026-03-22,2025-09-21,Dinner
Collen,Stainer,4219,true,2025-12-02,2025-08-28,Extra Pillow
Robinett,Jerrim,4644,false,2025-07-25,2025-07-21,Breakfast
Oliy,Blackah,4371,true,2026-01-15,2025-03-26,Dinner
Marianne,Springall,1671,true,2025-08-16,2025-04-18,Breakfast
Candie,Gleasane,4531,false,2026-01-22,2026-02-10,Extra Pillow
Taffy,Bugden,4967,false,2025-07-28,2025-11-14,Extra Pillow
Benetta,Gillbey,4216,true,2025-11-18,2025-05-01,Dinner
Laryssa,Masterton,1836,false,2025-11-04,2025-09-08,Breakfast
Bendick,Larwood,2100,true,2025-06-17,2025-12-21,Dinner
Ricki,Sholem,3235,true,2025-11-08,2025-12-07,Dinner
Dunc,Grayley,2392,false,2026-03-19,2025-12-09,Breakfast
Sol,Peron,3005,false,2026-03-25,2026-01-07,Dinner
Gustavo,Clavering,3709,false,2026-01-22,2025-07-14,Extra Pillow
Laverne,Laweles,2258,true,2025-11-19,2025-04-09,Dinner
Ardelia,Tewkesbury,270,false,2025-09-26,2025-05-30,Extra Pillow
Malachi,Shingfield,2444,false,2026-01-04,2026-01-10,Extra Pillow
Karly,Yorke,3756,false,2025-12-21,2025-05-17,Breakfast
Russell,Scocroft,4639,true,2025-11-17,2025-09-06,Extra Pillow
Berget,Goulbourne,2185,true,2026-02-25,2025-07-03,Extra Pillow
Hallsy,Churchward,4612,false,2025-10-22,2025-04-08,Extra Pillow
Brenda,Hune,4043,false,2026-01-12,2025-12-20,Breakfast
Hew,Keoghan,2943,true,2025-06-04,2026-03-25,Breakfast
Evaleen,Sustins,2079,true,2025-11-15,2025-10-10,Extra Pillow
Alvinia,Canet,1825,false,2026-02-12,2025-08-09,Extra Pillow
Novelia,Wrout,3539,true,2025-11-24,2025-04-26,Dinner
Lee,Franscioni,1304,false,2026-02-08,2025-05-19,Extra Pillow
Eolanda,Robbey,1049,false,2026-01-28,2025-07-16,Breakfast
Thorn,Seaborne,3565,false,2026-03-18,2026-01-25,Breakfast
Gradeigh,Pyburn,1911,true,2025-12-30,2025-11-13,Breakfast
Levin,Izzat,3643,true,2025-11-05,2025-04-13,Dinner
Orion,Pomfrett,3137,false,2025-06-20,2026-02-17,Extra Pillow
Franky,Mildenhall,4451,false,2026-03-13,2025-11-15,Breakfast
Erin,Inder,174,false,2026-01-16,2025-08-10,Extra Pillow
Sharyl,Khalid,1636,false,2025-05-17,2026-02-10,Breakfast
Brear,Budgett,2605,true,2025-07-11,2025-12-18,Breakfast
Shelley,Fernando,475,true,2025-06-13,2025-04-11,Breakfast
Ardys,Roaf,1529,true,2025-12-18,2025-04-02,Breakfast
Moss,Eliff,4382,true,2025-11-26,2025-04-25,Dinner
Reine,Ragge,1247,true,2025-08-06,2025-12-31,Dinner
Darcee,Oswal,489,false,2026-02-13,2025-09-30,Dinner
Cornelle,Yu,3980,true,2026-02-11,2026-02-28,Breakfast
Levin,Bowmaker,3920,true,2026-02-05,2025-11-28,Dinner
Mark,Wogdon,3578,false,2025-11-16,2025-04-02,Extra Pillow
Emmeline,Hugli,3221,true,2026-03-17,2025-12-06,Extra Pillow
Theresita,Fellis,2869,true,2025-06-30,2025-06-16,Breakfast
Ivory,Schottli,3975,true,2025-07-30,2025-07-30,Dinner
Karyn,Briar,168,false,2025-10-12,2025-08-20,Dinner
Derick,Hubbucks,1787,true,2025-04-28,2025-07-21,Dinner
Tabby,Walkling,1295,true,2026-02-06,2025-06-04,Dinner
Abe,Corston,4636,true,2025-12-12,2025-11-26,Dinner
Delcine,Hedin,2390,true,2026-02-08,2025-07-27,Breakfast
Mavis,Maddern,1249,false,2026-02-14,2025-07-23,Extra Pillow
Romy,Rew,3085,true,2026-02-18,2025-04-11,Breakfast
Barrie,Purvey,936,false,2025-07-22,2025-11-27,Extra Pillow
Cyrille,Hollows,4231,false,2026-01-21,2025-11-29,Extra Pillow
Jewel,Masding,103,true,2025-07-05,2026-01-23,Dinner
Gennie,Corck,4339,false,2025-04-19,2025-06-25,Breakfast
Taddeo,Rhoddie,501,false,2025-05-31,2026-02-04,Extra Pillow
Natty,Titford,4517,false,2025-12-26,2025-06-20,Breakfast
Jan,L'Archer,4072,true,2025-06-08,2026-02-10,Dinner
Silvie,Rao,2903,false,2025-09-08,2025-11-28,Dinner
Nellie,Elland,3645,true,2025-05-16,2025-11-22,Dinner
Worthy,Wrack,884,true,2025-12-28,2025-08-27,Extra Pillow
Maighdiln,Davet,3027,true,2025-06-05,2025-10-01,Breakfast
Shandee,Gilders,2914,true,2026-02-08,2025-05-16,Extra Pillow
Billy,Sharratt,2044,false,2026-03-01,2025-04-17,Extra Pillow
Markos,Barlthrop,235,false,2025-08-20,2025-10-22,Extra Pillow
Carlina,Hearse,4827,true,2025-07-11,2025-08-04,Dinner
Em,Tschiersch,1528,true,2025-07-07,2025-09-27,Breakfast
Philis,Elvy,877,false,2025-09-14,2025-04-27,Dinner
Dido,Studde,372,false,2026-03-15,2025-09-18,Breakfast
Serena,Shopcott,805,false,2025-10-31,2026-02-18,Breakfast
Cheryl,Feyer,4611,true,2025-04-30,2025-07-19,Extra Pillow
Sher,Gosalvez,1858,true,2025-03-27,2025-04-15,Dinner
Malcolm,Sainteau,4537,false,2025-11-28,2025-04-14,Dinner
Paule,Dionisi,3173,true,2025-06-21,2025-03-26,Dinner
Koo,Rawsthorne,3401,true,2025-04-02,2025-06-26,Extra Pillow
Carey,Biggin,2465,true,2025-04-07,2025-06-11,Dinner
Wyndham,Rontree,3256,true,2026-01-06,2025-05-01,Dinner
Letty,Mavin,2627,true,2025-12-01,2026-01-11,Breakfast
Thain,Anshell,1200,true,2026-01-24,2025-11-15,Breakfast
Andrea,Smissen,3385,true,2025-07-06,2026-03-03,Extra Pillow
Claire,Deeny,3084,true,2026-03-11,2025-05-09,Dinner
Marta,Ownsworth,4951,true,2025-04-16,2026-01-03,Breakfast
Tiffani,Genthner,503,false,2025-08-19,2026-02-20,Extra Pillow
Carolan,Lurriman,4751,true,2025-12-11,2026-02-24,Breakfast
Augustina,Klosterman,429,false,2025-09-19,2025-03-27,Extra Pillow
Thaine,Haime,392,false,2025-10-22,2025-06-11,Breakfast
Kevin,Allsebrook,866,false,2025-07-28,2025-09-21,Extra Pillow
Worth,Fogden,116,false,2025-08-17,2025-04-07,Extra Pillow
Sanson,Brinkman,1521,false,2025-08-13,2025-05-21,Breakfast
Chrisse,Bidmead,734,false,2025-09-03,2025-08-03,Extra Pillow
Norma,Wombwell,2566,true,2026-02-26,2025-05-09,Extra Pillow
Ellynn,Ciccerale,3607,true,2026-03-07,2025-08-04,Breakfast
Rosemary,Timbrell,1018,false,2025-09-24,2026-03-20,Dinner
Erroll,Harsent,4598,true,2025-05-31,2025-09-24,Extra Pillow
Ingra,Budge,1206,false,2025-08-13,2026-01-12,Breakfast
Bryanty,Behnecke,3404,false,2025-04-11,2025-10-31,Dinner
Lacee,Voaden,2098,true,2025-07-19,2025-07-16,Dinner
Gertrudis,McJerrow,1969,true,2026-01-21,2025-11-22,Dinner
Ingeborg,Moule,2208,false,2026-02-05,2025-12-02,Dinner
Brana,Whibley,760,false,2025-05-07,2026-02-13,Breakfast
Carmelia,Screaton,4942,false,2025-09-08,2026-01-22,Breakfast
Cari,Rosenbaum,4871,false,2025-11-24,2025-08-05,Extra Pillow
Richmound,Bernardino,137,true,2025-10-04,2025-10-06,Breakfast
Rhona,Lindermann,2627,true,2025-12-05,2025-06-01,Breakfast
Billye,Aindriu,4156,false,2025-03-30,2025-05-13,Breakfast
Dosi,Donaldson,2806,false,2025-06-05,2026-01-07,Breakfast
Loren,Gamlen,2080,false,2025-10-31,2025-11-27,Dinner
Scarlet,Rucklesse,627,false,2025-08-10,2025-11-16,Dinner
Lyn,Anchor,1421,true,2026-02-07,2026-03-11,Dinner
Avictor,Milliere,409,false,2025-09-26,2025-05-09,Dinner
Jacky,Ruger,4578,false,2025-05-04,2025-07-04,Extra Pillow
Regen,Kunkel,426,true,2025-10-26,2026-01-29,Breakfast
Kori,Rigolle,1173,false,2026-03-20,2025-05-20,Dinner
Gregoor,Costar,3535,true,2025-10-30,2026-01-04,Breakfast
Sarah,Habbal,4692,true,2025-07-08,2025-12-29,Extra Pillow
Clementina,Rubberts,4032,false,2025-06-30,2026-01-23,Breakfast
Goraud,Learmount,349,true,2025-12-02,2025-05-05,Dinner
Tamra,Eyres,1548,true,2025-04-29,2025-07-04,Extra Pillow
Flore,McChruiter,1556,false,2025-07-20,2025-10-31,Dinner
Ado,Chess,2196,true,2025-04-24,2025-08-25,Extra Pillow
Renata,Thurborn,1708,true,2025-11-20,2025-08-10,Dinner
Ezra,Chene,4895,true,2025-09-29,2025-07-23,Dinner
Raimundo,Kaines,285,false,2026-01-07,2026-02-20,Dinner
Quinn,Snel,861,true,2025-09-05,2025-05-08,Breakfast
Rod,Ivankin,2067,true,2026-02-11,2026-02-16,Breakfast
Lynnet,Pashen,1102,false,2026-03-15,2025-08-15,Dinner
Scotti,Farlane,3940,true,2025-10-14,2025-06-28,Dinner
Rhianon,Boxill,2193,false,2025-08-28,2026-03-13,Breakfast
Regen,Bointon,1629,true,2025-07-03,2025-11-28,Breakfast
Lena,Foston,3844,true,2025-07-11,2026-02-11,Dinner
Marys,Posten,2601,false,2025-08-02,2025-05-11,Breakfast
Sallee,Lofty,3920,false,2026-01-14,2025-09-30,Extra Pillow
Celina,Cavill,821,true,2026-01-29,2026-03-09,Dinner
Sunny,Pell,3811,true,2025-10-04,2025-06-24,Extra Pillow
Anson,Bruckman,4240,false,2025-12-14,2025-06-25,Dinner
Patsy,Papa,1890,false,2025-06-13,2025-04-09,Breakfast
Laura,Weedon,1526,true,2025-06-18,2026-01-07,Breakfast
Vanna,Fosten,3993,false,2026-02-11,2026-03-20,Breakfast
Jolie,Edlyne,1243,true,2025-09-24,2025-06-16,Breakfast
Shannon,Ollivier,4575,false,2025-09-13,2025-11-14,Extra Pillow
Vernice,Cawthron,1961,false,2025-03-27,2026-03-03,Dinner
Gardy,Stanlick,3638,true,2025-12-14,2026-03-20,Breakfast
Kent,Negri,4093,true,2026-03-08,2025-12-25,Breakfast
Beryle,Ciabatteri,235,true,2025-07-11,2025-07-03,Breakfast
Adelle,Pracy,4318,false,2025-11-10,2025-12-05,Breakfast
Aldric,Eldritt,1910,false,2025-04-05,2025-05-27,Extra Pillow
Phaedra,Jacomb,2209,true,2025-05-25,2025-04-10,Dinner
Tabina,Santorini,1194,false,2025-03-29,2025-05-21,Breakfast
Kristen,Gercken,1836,true,2025-04-18,2025-08-13,Dinner
Nanice,Lillegard,173,false,2025-07-12,2025-09-01,Dinner
Dennison,Neller,4386,true,2025-08-05,2025-09-05,Breakfast
Rubina,Kyllford,1115,true,2025-11-07,2025-11-19,Breakfast
Amalle,Impey,811,true,2025-06-15,2025-11-12,Extra Pillow
Alayne,Bunch,3225,false,2026-01-17,2025-05-28,Dinner
North,Pochet,3382,true,2025-10-14,2026-02-07,Dinner
Sonnie,Lugsdin,1898,true,2026-03-22,2025-12-19,Extra Pillow
Laura,Darridon,4063,true,2025-06-18,2025-07-02,Dinner
Melosa,Beazley,3359,false,2025-09-22,2026-03-14,Breakfast
Etti,Claxson,3215,true,2025-04-23,2025-04-09,Breakfast
Dahlia,Trill,3396,true,2025-04-06,2025-04-30,Dinner
Terza,Grelik,1147,true,2026-03-19,2025-12-16,Dinner
Gates,Fenemore,352,true,2025-07-16,2025-05-08,Breakfast
Ode,Mynott,3642,true,2025-06-29,2026-03-14,Breakfast
Serene,Pease,1332,true,2026-02-14,2025-08-26,Dinner
Jojo,Normanton,2992,true,2025-07-22,2025-11-17,Dinner
Rowan,Gaukrodge,2053,false,2025-09-24,2025-09-06,Dinner
Brnaba,McCullouch,708,true,2025-06-05,2025-05-11,Extra Pillow
Leela,McCarrison,180,false,2026-03-25,2025-06-24,Dinner
Beverlee,Humpage,2885,false,2025-10-17,2025-08-10,Breakfast
Kalie,Menhci,4079,true,2026-03-08,2025-06-15,Dinner
Elly,Tranfield,2573,true,2026-03-24,2025-12-14,Extra Pillow
Sigismondo,Stallibrass,1436,false,2025-09-11,2026-03-12,Breakfast
Kellen,Melarkey,2471,true,2025-06-21,2025-12-12,Breakfast
Darcey,Lammers,4348,true,2025-09-26,2025-11-10,Breakfast
Daile,Jolliff,3847,true,2026-01-17,2025-06-16,Extra Pillow
Hilton,Grimmett,1022,false,2025-05-24,2025-09-08,Breakfast
Adrien,Gettone,1318,true,2025-10-22,2025-03-30,Extra Pillow
Kerri,Milton,3844,true,2025-07-14,2025-12-25,Breakfast
Norrie,Linkie,991,false,2025-04-04,2025-11-23,Breakfast
Ginelle,Boarder,2480,true,2025-06-17,2025-04-25,Dinner
Lanny,Oakenfield,934,true,2025-06-01,2025-12-07,Dinner
Faun,Dellenbach,4960,false,2025-12-22,2025-05-07,Dinner
Barbra,Jolliffe,2857,true,2025-12-15,2026-02-05,Extra Pillow
Wilmar,Saltman,3944,false,2025-12-06,2025-08-28,Dinner
Elliott,Isaacson,1923,true,2026-02-02,2025-08-12,Breakfast
Bobbye,Margrett,2838,true,2025-08-30,2025-06-16,Dinner
Elora,Hupe,4206,true,2026-02-15,2025-12-05,Breakfast
Geno,Dubock,794,true,2025-08-11,2026-03-11,Extra Pillow
Annabell,Carlisi,2867,false,2025-09-10,2026-01-08,Dinner
Ingelbert,Dog,1238,false,2025-08-15,2026-02-15,Breakfast
Barrie,Redwin,3550,true,2025-10-21,2025-10-14,Extra Pillow
Cob,Huburn,1295,true,2025-09-09,2025-06-27,Dinner
Florenza,Cheatle,2985,true,2025-10-18,2025-06-19,Breakfast
Elsbeth,Walbridge,2040,true,2025-10-09,2025-03-31,Extra Pillow
Tedra,Compston,4058,false,2025-05-07,2026-03-17,Extra Pillow
Gar,Shawcroft,4253,true,2026-01-04,2025-08-07,Dinner
Dorotea,Gatchell,4610,true,2025-10-04,2025-06-30,Breakfast
Antonin,Ritchie,2374,false,2025-06-01,2025-06-27,Extra Pillow
Lian,Stoll,1710,true,2026-03-22,2026-01-03,Extra Pillow
Averil,Kaemena,519,true,2025-10-23,2025-08-23,Dinner
Ulrick,Belk,2600,true,2025-07-01,2026-02-17,Breakfast
Munmro,Ailmer,4366,false,2025-10-05,2025-07-19,Dinner
Titus,Cussins,2310,true,2025-07-29,2025-04-02,Dinner
Hester,Potts,2641,true,2026-03-04,2025-09-11,Breakfast
Julio,Hughes,4409,true,2025-03-31,2025-06-30,Dinner
Sanford,Maffetti,2442,true,2026-01-17,2025-11-25,Breakfast
Cliff,Stobbart,2684,true,2025-09-16,2025-11-15,Dinner
Newton,Dugan,1795,false,2026-01-26,2026-03-01,Extra Pillow
Pepe,Dibson,1697,false,2025-04-27,2025-12-29,Breakfast
Hinze,Donnan,1787,true,2025-05-20,2026-01-07,Dinner
Kerrie,Remer,2285,false,2025-06-29,2025-08-15,Extra Pillow
Maddie,Kuller,3902,true,2025-11-14,2025-11-01,Breakfast
Davy,Fortnam,3445,true,2025-09-30,2025-04-24,Extra Pillow
Reggis,Feldberg,686,false,2026-02-04,2025-06-28,Extra Pillow
Violante,Skin,2696,true,2026-02-18,2025-11-12,Breakfast
Claribel,Deschlein,1666,false,2025-06-30,2026-03-10,Extra Pillow
Marja,O'Monahan,3514,true,2025-11-18,2025-12-01,Breakfast
Drusy,Dyment,476,false,2025-09-07,2026-01-01,Breakfast
Noam,Elen,4491,false,2025-04-22,2025-06-24,Dinner
Florinda,Canario,2419,true,2025-07-05,2025-07-13,Extra Pillow
Cami,Lathaye,3287,true,2025-07-09,2025-04-08,Dinner
Kristan,Danter,737,true,2026-02-15,2025-09-30,Extra Pillow
Kendell,Candy,3908,true,2025-10-11,2025-05-03,Breakfast
Rhianon,Cust,2419,true,2026-01-15,2026-02-17,Breakfast
Frayda,Ferrier,1211,true,2025-11-28,2025-09-12,Extra Pillow
Chester,Burgiss,1249,true,2025-08-21,2025-09-09,Breakfast
Flss,Pauncefoot,119,false,2025-08-10,2026-01-03,Breakfast
Theadora,Brash,4373,true,2026-01-22,2026-02-16,Extra Pillow
Raoul,Bendelow,269,false,2026-03-18,2025-12-26,Breakfast
Reinaldo,Cargon,3296,true,2026-01-18,2025-04-19,Dinner
Sisile,Szymczyk,1341,false,2026-01-04,2025-12-04,Dinner
Rockie,Archbould,1249,false,2025-06-12,2026-01-16,Extra Pillow
Aileen,Kidston,407,false,2025-10-01,2025-08-23,Breakfast
Casandra,Gridley,1660,true,2026-03-23,2025-11-07,Breakfast
Livia,Wathey,3271,false,2025-09-26,2025-11-18,Breakfast
Will,Reasce,1792,false,2026-01-24,2025-12-16,Breakfast
Bennett,Maddin,3112,false,2025-11-07,2026-03-22,Extra Pillow
Darwin,McDell,1882,true,2025-04-24,2026-01-06,Breakfast
Jane,Gemmell,4906,false,2025-12-13,2025-04-11,Dinner
Stuart,Booi,1033,true,2026-02-12,2025-12-28,Dinner
Fidelia,Eynald,188,true,2025-05-25,2026-02-09,Breakfast
Cletis,Canfield,1030,false,2026-03-13,2025-08-10,Dinner
Wiatt,O'Dempsey,4949,false,2026-01-27,2025-06-20,Dinner
Jobyna,Steinson,2305,true,2025-05-11,2025-05-05,Extra Pillow
Rudolfo,Leupoldt,2721,false,2025-04-07,2025-09-05,Breakfast
Aundrea,Cancott,3474,false,2025-09-27,2025-05-14,Dinner
Francoise,Jadczak,3627,true,2026-01-20,2025-06-01,Breakfast
Somerset,Crosgrove,1972,false,2025-10-12,2026-02-27,Extra Pillow
Scotti,Achrameev,3408,true,2026-03-01,2025-10-08,Extra Pillow
Netti,Chasen,4834,false,2025-11-03,2025-07-06,Breakfast
Luise,Prime,4798,false,2026-02-22,2025-11-13,Breakfast
Lorelle,Blowfield,168,true,2025-06-05,2025-12-22,Breakfast
Marlon,Gillan,3889,false,2025-09-02,2025-08-31,Extra Pillow
Shane,Brightie,2254,false,2025-08-16,2026-03-13,Breakfast
Dorthy,Berrey,4782,false,2026-02-19,2025-05-28,Breakfast
Ellwood,Babbe,2387,true,2025-11-19,2025-05-28,Breakfast
Elsbeth,Spurgin,2039,true,2025-07-14,2026-02-05,Breakfast
Dorella,Duffil,1776,false,2025-10-22,2025-05-22,Extra Pillow
Iolanthe,Tett,4258,true,2025-07-06,2025-08-24,Breakfast
Gusta,Wells,3983,true,2025-04-24,2025-05-17,Extra Pillow
Waylon,Blackley,3357,true,2025-10-29,2025-10-24,Breakfast
Adriane,Alenichicov,3472,false,2025-09-15,2025-11-05,Extra Pillow
Laina,Zannuto,4241,true,2025-04-03,2025-06-09,Dinner
Maryanna,Melia,1160,false,2026-02-15,2025-07-23,Extra Pillow
Ripley,Ottewill,3483,false,2025-05-10,2025-06-21,Breakfast
Devland,Meadway,3137,true,2025-11-13,2025-06-21,Breakfast
Jorry,Jesty,2576,true,2025-12-06,2025-07-04,Extra Pillow
Eolande,Nulty,4038,false,2025-06-09,2025-05-04,Breakfast
Nelle,Weatherhill,4005,true,2025-06-13,2025-04-21,Dinner
Dynah,Matijasevic,4171,false,2025-10-02,2025-06-27,Dinner
Allard,Brigdale,141,true,2026-03-12,2025-06-26,Extra Pillow
Ozzie,Hanhard,712,true,2026-01-03,2025-06-18,Extra Pillow
Dulcia,Boanas,3633,false,2026-03-08,2026-02-10,Breakfast
Kerry,Loseke,1797,false,2026-01-23,2025-11-17,Breakfast
Margarette,Giacomuzzi,4964,false,2025-05-17,2025-08-30,Dinner
Royal,Carrol,547,true,2025-11-21,2025-11-22,Dinner
Linc,Ahlf,274,false,2026-03-18,2026-01-15,Extra Pillow
Tobit,O'Concannon,1343,false,2025-05-31,2025-10-24,Breakfast
Cleveland,Force,342,false,2026-02-13,2026-01-13,Dinner
Lincoln,Sebley,2866,false,2025-05-04,2026-02-21,Breakfast
Ring,Fricker,4346,false,2025-11-02,2025-08-26,Dinner
Ted,Staziker,1197,true,2025-04-06,2026-01-01,Breakfast
Halie,Robbe,548,false,2025-05-24,2025-11-16,Extra Pillow
Cassi,Copper,4145,true,2025-11-27,2025-12-14,Breakfast
Isabelita,Frankes,3281,true,2025-09-03,2025-05-07,Breakfast
Hogan,Mew,1146,true,2025-03-28,2025-05-09,Dinner
Jodie,Kelf,3210,true,2025-12-18,2025-06-02,Dinner
Janith,MacCollom,890,true,2025-04-08,2025-10-12,Extra Pillow
Erda,Dyter,830,false,2025-08-18,2025-08-23,Dinner
Florri,Clynter,486,false,2025-12-01,2025-07-23,Breakfast
Kikelia,Howerd,4778,true,2025-06-02,2025-11-01,Breakfast
Vilma,Grichukhanov,3931,true,2025-12-11,2026-01-21,Breakfast
Marnia,Lingwood,4343,true,2025-10-20,2025-09-07,Breakfast
Tate,Lochran,304,false,2025-10-10,2026-01-23,Dinner
Andrei,Mehmet,4738,true,2025-10-31,2025-09-14,Dinner
Cristina,McNee,1073,false,2025-07-09,2025-05-26,Dinner
Eamon,Slark,4799,true,2026-02-01,2025-10-21,Dinner
Faye,Warkup,2914,false,2025-05-11,2025-06-28,Dinner
Bert,Acum,3075,true,2025-04-28,2026-01-29,Extra Pillow
Jakob,Vittore,4344,false,2025-09-25,2025-06-02,Dinner
Yves,Jefferd,4948,false,2025-05-29,2025-11-09,Breakfast
Guy,Ankers,2860,true,2025-07-09,2025-09-10,Dinner
Kanya,Dobbyn,4945,false,2026-01-05,2025-04-01,Dinner
Rowney,Brierley,4323,true,2025-09-25,2025-12-24,Breakfast
Mac,Menelaws,2467,false,2025-05-17,2025-08-10,Dinner
Luisa,de Voiels,1511,false,2025-04-23,2025-12-14,Dinner
Effie,Blanden,3678,false,2025-10-25,2025-03-28,Breakfast
Dody,Grinnikov,2652,false,2025-11-20,2025-10-14,Extra Pillow
Breanne,Jorg,320,false,2025-07-06,2025-12-25,Breakfast
Johnna,Laugharne,1706,true,2025-10-16,2025-07-19,Breakfast
Hildagard,Spadazzi,3268,true,2025-09-24,2025-07-13,Dinner
Krissy,Baysting,4627,true,2025-10-24,2026-02-07,Breakfast
Amye,Klemencic,619,false,2026-02-02,2025-09-14,Breakfast
Wendy,Fortnon,3316,true,2026-02-02,2025-04-01,Extra Pillow
Xymenes,Hovee,4727,false,2025-04-19,2025-07-03,Extra Pillow
Edyth,Cargenven,1660,true,2025-11-10,2025-04-02,Breakfast
Keslie,Bruhnsen,4390,false,2025-04-10,2025-12-13,Breakfast
Rosene,MacNockater,1177,true,2025-09-19,2026-01-21,Dinner
Chadd,Aliberti,2797,true,2025-11-12,2025-07-19,Breakfast
Nanny,Aldridge,1400,true,2025-11-02,2026-03-01,Extra Pillow
Fidole,De Paepe,2480,false,2025-05-15,2025-06-20,Breakfast
Georg,Blann,1534,true,2025-06-08,2025-07-10,Dinner
Odelia,Stopforth,2261,false,2025-08-17,2026-01-01,Extra Pillow
Cheri,Matas,395,false,2025-11-21,2025-12-03,Extra Pillow
Bevvy,Jahan,3245,true,2025-12-07,2026-01-02,Extra Pillow
Jakie,Cree,2415,false,2026-01-13,2026-02-20,Extra Pillow
Yvor,Charette,4833,false,2026-02-15,2025-07-13,Breakfast
Corina,Brussell,3588,true,2025-09-19,2025-08-22,Breakfast
Addi,Pendrick,3208,false,2025-11-16,2025-07-06,Breakfast
Fee,Norcock,537,false,2025-06-27,2026-03-10,Extra Pillow
Karlie,Juschke,4896,false,2025-12-02,2026-03-04,Breakfast
Rockie,Newcom,1850,false,2026-01-06,2025-12-05,Extra Pillow
Crichton,O'Dare,876,false,2025-12-09,2025-12-01,Dinner
Annora,Franzelini,3779,false,2025-12-16,2025-08-31,Breakfast
Vail,Peggrem,810,false,2025-08-31,2025-09-11,Breakfast
Blondell,Hollyer,1989,false,2025-04-20,2025-10-13,Extra Pillow
Kendrick,Usborn,1095,false,2025-06-02,2025-07-15,Dinner
Ivett,Jentet,4368,false,2025-07-18,2025-07-25,Dinner
Aldridge,Snowdon,3706,true,2025-08-15,2025-07-18,Extra Pillow
Elwyn,Stode,380,true,2025-04-18,2026-01-21,Breakfast
Tracie,Fulep,4335,true,2025-08-18,2025-05-15,Extra Pillow
Towney,Rushworth,591,true,2025-05-25,2026-01-23,Extra Pillow
Gisela,Berridge,3091,false,2026-01-18,2025-09-26,Extra Pillow
Leola,Whithalgh,1442,true,2026-01-14,2026-02-26,Dinner
Ashla,Sliman,3359,false,2025-04-07,2025-11-03,Dinner
Lawry,Date,1984,true,2025-06-16,2025-03-29,Dinner
Beatrisa,Glantz,2866,true,2025-12-16,2025-10-19,Dinner
Malachi,Balaizot,3727,false,2025-08-21,2026-01-17,Breakfast
Benson,Cantua,998,true,2025-05-06,2025-12-11,Breakfast
Kerby,Donnell,454,false,2026-02-25,2025-05-31,Dinner
Kendricks,Librey,3557,false,2025-05-20,2025-06-10,Dinner
Sarette,Rosenstengel,4049,true,2025-10-04,2025-10-30,Extra Pillow
Arlyne,Iacovucci,4752,false,2025-04-13,2025-08-27,Extra Pillow
Richardo,Heaslip,2600,false,2025-11-09,2026-02-24,Extra Pillow
Rancell,Gunda,513,true,2025-09-28,2025-09-16,Extra Pillow
Alwyn,Dullaghan,697,false,2025-12-30,2025-04-26,Extra Pillow
Elberta,Goodsal,406,true,2025-07-11,2025-04-23,Dinner
Beulah,Tall,4138,true,2025-09-03,2025-09-24,Extra Pillow
Nari,Revely,3600,true,2025-12-29,2025-09-18,Dinner
Melisse,Kauschke,2853,true,2026-01-06,2025-05-05,Extra Pillow
Wat,Mahmood,3650,false,2025-11-01,2025-05-11,Dinner
Orella,Haydney,4166,false,2025-07-31,2025-05-18,Extra Pillow
Shir,Simms,4990,true,2025-09-23,2025-09-05,Breakfast
Claiborne,Ivashechkin,2178,false,2026-01-31,2025-12-16,Dinner
Kirbee,Shackelton,3936,false,2025-05-13,2025-06-12,Dinner
Audrie,Minchinton,3646,false,2025-12-21,2025-12-25,Breakfast
Rosmunda,Quinnette,4461,true,2026-01-03,2025-03-26,Breakfast
Vidovik,Cappleman,1052,false,2025-07-10,2025-12-09,Breakfast
Nady,Snowsill,4625,false,2025-10-04,2025-07-29,Breakfast
Marlowe,Kinver,2503,true,2026-02-06,2025-07-31,Dinner
Daryn,Fosdyke,4911,false,2025-08-02,2025-07-16,Dinner
Chen,Livoir,3313,true,2025-09-01,2026-03-04,Breakfast
Thalia,Pankettman,1797,true,2026-01-23,2025-05-29,Breakfast
Orelia,Comberbeach,1592,true,2025-05-26,2025-06-21,Dinner
Siouxie,Reveland,4452,false,2025-12-10,2025-12-21,Breakfast
Inger,Lorenzo,281,true,2025-07-25,2025-04-27,Extra Pillow
Brice,Angeli,3854,false,2025-05-03,2025-05-08,Dinner
Frasquito,Mitham,1168,true,2026-03-19,2026-02-23,Extra Pillow
Curr,Labbett,3885,false,2025-07-05,2025-05-25,Extra Pillow
Malia,Lapthorn,4195,false,2026-01-17,2026-03-19,Extra Pillow
Kirsteni,MacGahey,3829,false,2025-05-17,2025-08-08,Dinner
Jo,Louis,3129,true,2025-10-13,2025-06-16,Dinner
Hedwig,Kenyon,218,false,2025-04-10,2025-12-29,Breakfast
Gypsy,East,928,true,2025-08-09,2025-05-27,Extra Pillow
Terry,Wastall,3279,true,2026-01-10,2025-11-28,Dinner
Killy,Barrowclough,3098,true,2025-06-24,2026-03-14,Dinner
Devonne,Aizik,1720,false,2026-01-02,2025-07-19,Extra Pillow
Pierette,Brum,3007,true,2025-11-12,2025-08-03,Breakfast
Connie,Fawke,1136,false,2026-01-15,2025-05-12,Dinner
Kate,Menghi,1371,false,2025-06-16,2025-10-31,Extra Pillow
Chandra,Irving,2273,true,2025-06-04,2026-03-17,Breakfast
Clay,Conor,4684,false,2025-10-04,2025-09-12,Dinner
Lezley,Yeowell,4344,false,2025-12-03,2025-04-05,Extra Pillow
Roxana,Ainge,969,true,2025-09-30,2025-05-07,Breakfast
Alene,McGilbon,3099,false,2025-12-03,2025-03-29,Extra Pillow
Claudine,Norwood,1840,true,2025-08-06,2025-07-03,Extra Pillow
Noelani,L'Episcopi,2637,false,2025-09-10,2025-10-12,Breakfast
Ringo,Mariaud,4920,true,2025-09-20,2025-06-02,Extra Pillow
Linea,York,1284,true,2025-06-02,2025-05-30,Extra Pillow
Pansie,Ostridge,771,false,2026-01-18,2025-03-27,Extra Pillow
Jim,McAughtry,3977,false,2025-04-19,2025-10-31,Extra Pillow
Candide,Ropars,4292,true,2025-06-10,2025-05-08,Dinner
Aylmar,Bony,1777,false,2026-03-05,2026-03-04,Breakfast
Merry,Kingett,1160,false,2026-02-07,2026-02-02,Extra Pillow
Theodoric,McCowen,4991,true,2025-05-17,2026-02-03,Extra Pillow
Carlin,Blankenship,289,true,2025-12-14,2025-04-12,Dinner
Crissie,Shimoni,2170,false,2025-08-16,2025-08-02,Extra Pillow
Evanne,McGinty,4095,true,2025-06-20,2025-11-10,Breakfast
Rochelle,Poynor,594,true,2025-07-01,2025-10-05,Extra Pillow
Imelda,Dohr,328,false,2025-07-10,2026-02-17,Breakfast
Fredericka,Robion,1325,false,2025-08-10,2026-02-24,Dinner
Ethelbert,St Pierre,3892,true,2025-09-14,2025-11-26,Dinner
Murdock,Ferreo,4960,true,2025-04-22,2025-08-12,Dinner
Fernando,Mordin,3157,false,2025-04-02,2025-03-28,Dinner
Ermina,McGeachy,4818,true,2025-12-16,2025-09-20,Dinner
Egan,Pinel,1853,false,2026-03-05,2025-11-16,Extra Pillow
Bernardina,McDermott-Row,2670,true,2025-07-26,2025-04-07,Extra Pillow
Lauri,Freiburger,890,true,2025-05-14,2025-09-20,Breakfast
Cynthy,Vlasenkov,3290,true,2025-11-12,2026-01-16,Dinner
Warden,Stibbs,2205,true,2025-08-22,2026-01-10,Extra Pillow
Leonid,Berthe,408,false,2025-11-18,2026-03-20,Extra Pillow
Keefe,Roscow,4888,true,2026-01-17,2025-10-30,Dinner
Jessamine,Ellesworthe,2410,true,2025-10-02,2025-06-02,Extra Pillow
Lydie,Burnsides,3243,true,2025-08-03,2025-06-27,Extra Pillow
Lelah,Ply,4299,true,2025-05-31,2025-07-14,Breakfast
Lucila,Tumpane,3041,true,2025-05-12,2025-04-13,Extra Pillow
Tricia,Goodburn,4724,false,2025-11-26,2025-06-10,Dinner
Quillan,Smedley,390,false,2025-10-19,2025-11-02,Breakfast
Rafaello,Peckett,1467,false,2025-10-29,2025-05-22,Breakfast
Theodoric,Goldsack,1089,false,2025-04-03,2026-03-16,Dinner
Maxim,Killiam,955,false,2025-07-28,2025-08-09,Extra Pillow
Holly,Finlayson,2735,false,2026-03-17,2025-08-02,Breakfast
Amber,Daldan,4441,false,2025-07-08,2025-06-12,Breakfast
Teresita,Elacoate,2116,false,2025-06-27,2025-08-20,Extra Pillow
Enid,Ossulton,2946,false,2026-01-22,2025-11-11,Extra Pillow
Otis,Grayer,3629,false,2026-03-11,2025-09-19,Dinner
Michal,Matchett,1351,false,2025-03-29,2026-03-19,Breakfast
Saundra,Le Provost,3469,false,2026-01-28,2025-07-11,Dinner
Derek,Usborn,4362,true,2026-03-01,2026-03-03,Dinner
Nyssa,Rous,675,true,2025-07-26,2025-10-22,Extra Pillow
Andeee,Poulston,3347,false,2026-03-02,2025-12-14,Breakfast
Bea,Hartford,2281,false,2025-06-25,2025-09-15,Extra Pillow
Almeda,Goard,1315,true,2025-07-15,2025-09-21,Dinner
Sly,Joss,3699,true,2026-02-21,2025-08-28,Breakfast
Crystal,Gain,874,true,2025-11-04,2025-05-06,Dinner
Elsi,Javes,3179,false,2025-06-11,2025-08-28,Breakfast
Sawyer,Ciccone,2083,true,2025-08-07,2025-10-18,Dinner
Greggory,Gibson,3682,false,2025-12-31,2026-02-05,Dinner
Ailsun,Dupey,3519,true,2026-02-08,2025-08-06,Dinner
Ollie,Matusevich,3991,true,2026-02-07,2025-12-17,Breakfast
Marysa,Wincer,3741,false,2025-11-16,2026-01-24,Dinner
Myron,Pidwell,4561,false,2026-03-19,2025-08-04,Breakfast
Serge,Casolla,4391,false,2026-01-19,2025-06-15,Dinner
Hailey,Martinolli,4408,true,2025-07-06,2025-10-15,Dinner
Magdaia,Gjerde,2586,true,2025-12-05,2025-09-02,Extra Pillow
Cornie,Fahy,295,true,2025-09-16,2025-09-16,Extra Pillow
Abe,Hay,3533,false,2025-03-27,2025-04-13,Extra Pillow
Beatriz,Hanselmann,571,false,2026-01-13,2025-05-27,Breakfast
Nico,Butchard,2686,true,2025-04-23,2026-02-22,Dinner
Dilly,Gainsford,2539,true,2025-06-03,2026-01-09,Dinner
Pammie,Karoly,1103,true,2025-10-03,2025-11-25,Breakfast
Emmye,Kirwin,4350,true,2025-05-20,2025-07-22,Breakfast
Gertrudis,Carlaw,1837,true,2025-04-18,2025-10-12,Breakfast
Birgit,Fried,2066,true,2025-07-29,2025-10-01,Extra Pillow
Spenser,Orford,2876,true,2026-01-01,2025-04-30,Extra Pillow
Gunilla,Darlow,3739,true,2025-12-19,2025-07-03,Breakfast
Robby,Ghelerdini,4138,true,2025-11-08,2025-09-10,Breakfast
Eartha,Brakewell,1255,false,2025-08-04,2025-12-23,Breakfast
Juliane,Tanswell,996,false,2025-12-18,2025-05-06,Extra Pillow
Lynde,Oxbe,3668,false,2026-02-07,2025-10-08,Breakfast
Marje,Mattiazzo,3643,false,2025-06-01,2025-08-29,Dinner
Harrie,Melburg,3571,false,2025-04-01,2026-01-19,Breakfast
Moss,Margarson,257,true,2025-08-05,2025-07-26,Dinner
Werner,Sindell,471,true,2025-08-15,2025-07-08,Extra Pillow
Nathan,Cusworth,797,true,2025-06-28,2025-04-25,Extra Pillow
Johan,Moxon,2126,true,2025-06-21,2025-06-20,Extra Pillow
Keary,Summerlie,2534,true,2025-09-19,2025-12-20,Extra Pillow
Berne,Volks,3906,true,2025-07-08,2025-06-15,Dinner
Lin,Sangra,3350,true,2025-10-14,2026-02-04,Extra Pillow
Thorndike,Hellikes,4505,true,2025-08-30,2026-01-07,Dinner
Estevan,Spooner,3224,true,2025-08-20,2025-11-25,Extra Pillow
Lock,Wivell,3399,false,2025-08-02,2025-07-23,Extra Pillow
Cary,Fernanando,4469,false,2025-08-25,2025-08-22,Breakfast
Derick,Hamerton,2413,false,2025-09-12,2026-03-16,Extra Pillow
Billie,Beadham,4407,false,2025-04-06,2025-09-16,Extra Pillow
Vladamir,Judgkins,4933,true,2025-10-24,2025-12-10,Extra Pillow
Arabela,Twinborough,4011,false,2025-09-28,2026-01-13,Dinner
Trev,Besemer,1030,false,2025-05-07,2026-03-20,Dinner
Dale,Antonescu,3752,false,2025-09-02,2026-03-16,Breakfast
Judd,Ferentz,4795,true,2025-04-19,2025-11-21,Breakfast
Merci,Marle,3203,false,2025-04-24,2025-10-07,Extra Pillow
Christina,Fradson,2783,false,2025-05-17,2025-05-19,Breakfast
Zahara,Duce,945,true,2025-08-31,2026-01-23,Dinner
Cassy,Cowmeadow,3478,true,2025-07-09,2025-07-11,Extra Pillow
Celene,Halladay,4180,true,2025-09-05,2025-04-25,Extra Pillow
Pincas,Braidman,291,true,2025-10-05,2025-12-20,Breakfast
Bruno,Pray,2438,true,2025-04-05,2025-11-23,Dinner
Carry,Lapthorn,310,false,2025-12-16,2026-03-05,Dinner
Liz,Mattielli,3800,true,2026-01-20,2026-03-01,Breakfast
Winnie,Kesterton,2911,false,2025-04-20,2025-05-17,Breakfast
Demetre,Tomaello,3126,true,2025-07-06,2025-04-14,Breakfast
Rafferty,Ford,3432,false,2026-03-22,2025-10-19,Extra Pillow
Barret,McNickle,1197,true,2025-05-02,2025-06-30,Breakfast
Loraine,Iorillo,2339,true,2025-11-05,2025-09-17,Breakfast
Scotty,Baynes,1294,false,2025-12-15,2026-02-09,Breakfast
Torin,Rudham,4714,false,2025-05-18,2025-06-06,Dinner
Shalna,Bushnell,2552,true,2025-12-13,2025-05-17,Breakfast
Delmor,Larchiere,2308,false,2025-12-30,2025-09-21,Dinner
Kevina,Wrathmall,522,true,2026-01-31,2025-05-21,Extra Pillow
Monika,McMillam,3377,true,2025-08-14,2025-03-28,Breakfast
Taddeo,Jenkinson,2176,false,2025-04-30,2025-07-31,Breakfast
Kiersten,Daen,4600,true,2025-11-02,2026-02-26,Dinner
